Model	December 28, 2022	December 29, 2022	January 05, 2023	January 19, 2023	February 02, 2023	February 17, 2023	March 02, 2023	March 16, 2023	March 30, 2023	April 13, 2023	April 27, 2023	May 11, 2023	June 24, 2023	July 08, 2023	August 05, 2023	August 19, 2023	September 02, 2023	September 16, 2023	October 03, 2023	October 14, 2023	October 17, 2023	October 21, 2023	October 28, 2023	November 04, 2023	November 11, 2023	November 18, 2023	November 25, 2023	December 02, 2023	December 09, 2023	December 16, 2023	December 23, 2023	January 07, 2024	January 13, 2024	January 20, 2024	February 03, 2024	February 10, 2024	February 17, 2024	February 24, 2024	March 02, 2024	March 09, 2024	March 17, 2024	March 20, 2024	March 23, 2024	March 30, 2024	April 06, 2024	April 13, 2024	April 20, 2024	May 04, 2024	May 18, 2024	May 25, 2024	June 01, 2024	June 08, 2024	June 15, 2024	June 24, 2024	June 29, 2024	July 06, 2024	July 20, 2024	July 27, 2024	August 03, 2024	August 10, 2024	August 17, 2024	August 24, 2024	August 31, 2024	September 07, 2024	September 14, 2024	September 21, 2024	September 28, 2024	October 05, 2024	October 12, 2024	October 19, 2024	October 26, 2024	November 02, 2024	November 09, 2024	November 16, 2024	November 23, 2024	November 30, 2024	December 07, 2024	December 14, 2024	December 21, 2024	December 28, 2024	December 31, 2024	January 04, 2025	January 11, 2025	January 18, 2025	January 25, 2025	February 01, 2025	February 08, 2025	February 15, 2025	February 22, 2025	March 01, 2025	March 08, 2025	March 15, 2025	March 22, 2025	March 29, 2025	April 05, 2025	April 12, 2025	April 19, 2025	April 26, 2025	May 03, 2025	May 10, 2025	May 17, 2025	May 24, 2025
Airbus A300 600	10	10	13	13	12	18	12	15	14	12	13	15	46	46	13	18	21	24	31	57	43	44	75	88	92	98	100	96	99	98	100	56	54	54	56	58	60	65	75	90	65	65	62	44	48	180	170	153	152	146	147	148	137	122	120	119	126	131	22	19	31	36	40	46	48	62	69	74	65	63	55	61	58	61	55	0	0	0	49	0	47	47	49	53	55	43	45	54	52	45	14	16	18	21	22	23	24	29	0	37	31	36
Airbus A310 200	74	74	75	80	72	70	67	62	62	63	76	86	125	130	130	112	106	105	101	105	107	107	93	102	106	95	103	100	102	106	108	132	139	139	142	122	114	114	110	114	115	116	116	116	116	116	115	123	132	143	201	207	221	219	219	180	184	163	163	6	9	23	35	45	47	48	43	54	51	62	57	57	55	55	53	0	0	0	88	0	90	91	88	87	90	89	89	91	74	75	65	60	60	60	41	46	57	78	0	81	83	81
Airbus A310 300	25	25	29	39	40	42	43	42	35	33	39	91	61	116	106	117	157	166	171	170	144	146	100	103	120	74	79	111	111	118	112	108	109	112	106	131	110	114	120	118	78	78	78	77	87	108	119	128	198	195	181	199	201	199	195	192	179	208	182	192	200	203	205	205	186	192	200	213	224	240	233	241	267	299	300	0	0	0	114	0	77	88	99	105	109	100	108	143	144	114	76	71	63	61	70	73	82	99	0	100	107	102
Airbus A318	453	457	491	564	653	710	834	977	1073	1122	1376	1372	1499	1343	1228	1283	1451	1603	1525	1538	1562	1553	1626	1664	1645	1676	1681	1693	1727	1742	1722	1618	1592	1524	1408	1427	1435	1447	1484	1508	1603	1624	1662	1704	1713	1710	1674	1638	1619	1659	1656	1460	1450	1493	1530	1554	1595	1614	1627	1605	1637	1799	1836	1875	1938	1995	2072	2134	2223	2152	2201	2247	2257	2183	2237	0	0	0	2198	0	2336	2409	2488	2504	2566	2595	2652	2661	2641	2654	2668	2686	2693	2715	2781	2809	2837	2942	0	2835	2882	2889
Airbus A319	353	353	361	368	293	356	366	450	435	474	473	474	451	516	648	688	676	674	711	691	682	683	675	664	667	685	706	715	727	765	770	806	770	773	783	813	826	852	884	889	898	910	910	904	862	855	851	841	821	932	963	987	1008	958	971	978	962	978	963	963	1057	1054	1050	1072	1003	990	894	853	859	853	815	812	836	847	860	0	0	0	934	0	963	970	1001	1007	1029	1044	1051	1029	1050	1079	1058	1058	1074	1090	1092	1093	855	891	0	885	892	906
Airbus A319neo	139	140	147	172	191	220	142	140	155	158	171	204	313	316	329	338	325	306	309	273	280	258	284	292	286	274	319	318	318	299	296	321	318	308	306	304	297	301	317	326	330	330	338	349	369	384	383	416	390	343	335	326	252	244	260	276	296	319	297	298	256	270	281	287	298	313	312	304	315	317	339	308	320	319	327	0	0	0	233	0	252	269	302	281	260	270	312	316	309	325	331	336	331	339	363	375	362	374	0	350	365	362
Airbus A320	70	71	70	83	81	90	75	92	110	84	120	119	161	118	188	200	166	223	252	264	268	267	280	267	258	277	316	361	383	407	354	363	347	355	347	337	351	325	337	339	339	341	344	351	335	351	350	343	369	370	364	371	409	455	461	463	460	463	454	417	427	378	379	409	409	493	512	515	521	532	540	537	526	518	506	0	0	0	508	0	514	515	492	517	536	559	486	487	463	465	249	241	247	246	233	187	181	216	0	251	260	271
Airbus A320neo	83	83	92	92	107	95	74	86	44	31	45	58	165	185	122	145	183	164	166	129	131	146	157	171	190	207	236	238	237	228	191	133	109	111	128	154	166	177	173	162	183	191	192	187	232	188	206	226	244	236	213	221	186	184	188	190	180	196	256	199	207	211	222	239	269	275	264	272	282	282	268	274	268	266	270	0	0	0	260	0	270	277	287	317	324	258	306	293	294	298	287	263	290	306	311	324	331	333	0	354	343	344
Airbus A321	53	53	125	142	143	109	137	163	154	158	166	170	266	270	205	214	204	237	251	251	251	255	259	259	255	254	212	213	211	207	207	202	204	215	223	222	226	223	223	224	218	182	186	224	226	219	232	205	259	261	261	262	208	211	212	221	215	218	230	130	154	176	189	192	179	189	189	196	192	194	190	196	209	214	214	0	0	0	216	0	214	215	209	211	207	213	221	222	225	225	225	202	196	194	194	192	192	192	0	210	214	209
Airbus A321neo	1694	1698	1685	1562	1685	1663	1544	1960	2291	2343	2447	2601	2601	2612	2462	2529	2477	2393	2323	2310	2315	2299	2268	2207	2181	2254	2276	2320	2346	2348	2370	2456	2482	2498	2570	2581	2609	2539	2539	2560	2607	2641	2653	2648	2649	2462	2419	2460	2467	2465	2487	2522	2522	2522	2561	2579	2605	2542	2093	2068	2069	2076	2120	2170	2243	2240	2249	2197	2224	2241	2259	2274	2293	2317	2352	0	0	0	2393	0	2383	2402	2431	2464	2486	2461	2513	2533	2609	2630	2645	2596	2523	2564	2586	2451	2131	2189	0	2085	2174	2244
Airbus A321neoLR	80	80	85	82	104	127	124	134	141	137	281	306	378	403	385	351	234	256	278	263	283	214	219	226	224	219	241	283	289	305	287	235	237	223	215	224	236	227	246	256	284	294	285	310	314	332	353	382	335	348	356	352	331	349	357	368	376	395	399	403	418	358	359	357	365	359	361	351	363	354	297	296	299	296	291	0	0	0	322	0	353	366	375	378	321	344	370	388	393	392	387	338	206	227	233	247	252	269	0	271	278	283
Airbus A321neoXLR	133	133	152	164	161	135	131	135	150	144	140	160	182	207	222	237	258	271	238	215	219	223	232	217	222	223	230	252	272	278	267	294	309	292	301	310	302	294	294	298	296	297	295	291	261	264	264	266	277	278	279	268	170	186	203	211	265	262	255	262	261	268	281	288	266	252	268	288	299	302	303	297	283	283	272	0	0	0	234	0	192	195	207	214	231	233	242	252	249	274	273	257	222	242	267	260	260	283	0	275	268	259
Airbus A330 200	68	68	68	68	66	66	65	64	67	65	67	78	128	128	134	144	156	141	140	148	138	139	137	123	124	126	126	128	138	137	142	142	143	142	149	155	146	129	129	160	165	162	165	177	151	138	139	144	152	156	147	150	143	141	144	147	150	152	182	79	83	92	107	121	111	133	144	150	151	170	129	131	142	146	150	0	0	0	203	0	213	214	233	208	213	197	177	177	181	181	176	177	157	154	162	156	157	166	0	155	149	151
Airbus A330 300	40	40	38	51	76	69	45	58	54	45	48	46	104	147	170	202	244	241	278	281	243	247	258	268	266	277	293	297	295	294	295	293	299	308	180	172	181	173	179	186	186	178	142	166	194	209	217	206	236	245	260	266	267	256	259	251	230	230	218	218	243	246	270	283	286	284	282	293	297	289	290	256	260	267	271	0	0	0	279	0	281	287	290	289	290	287	289	292	292	301	313	219	212	203	203	218	227	227	0	246	263	264
Airbus A330 800neo	453	453	447	450	440	435	399	308	340	402	466	472	525	555	561	716	441	447	389	416	412	382	380	378	389	393	359	357	361	376	392	381	307	310	335	337	311	315	324	325	330	330	325	327	328	329	343	339	355	360	352	359	362	372	372	366	374	382	309	318	340	340	336	342	351	351	359	366	369	375	365	373	383	387	393	0	0	0	379	0	347	366	348	347	351	344	354	356	359	363	264	264	282	284	286	413	441	436	0	417	415	413
Airbus A330 900neo	1806	1830	1793	1844	1972	2060	1925	2013	2132	2249	2370	2418	2557	2547	2257	2264	2326	2286	2280	2311	2312	2297	2305	2288	2236	2237	2252	2258	2279	2275	2286	2319	2340	2369	2427	2252	2277	2309	2249	2262	2289	2275	2280	2248	2244	2252	2265	2256	2243	2242	2219	2214	2211	2202	2215	2222	2246	2192	1136	618	639	660	674	678	685	668	668	687	687	678	685	657	662	649	658	0	0	0	658	0	619	619	619	634	635	637	653	660	666	671	681	667	649	654	648	650	561	553	0	556	558	566
Airbus A340 200	22	22	15	54	42	41	44	52	68	74	84	82	92	80	72	54	47	58	62	28	29	66	81	96	100	112	120	128	136	146	135	112	153	154	156	145	144	146	146	147	136	143	147	88	106	122	118	121	121	116	119	122	126	142	144	129	130	147	136	141	91	99	109	104	114	115	123	141	169	207	225	226	219	216	219	0	0	0	223	0	205	208	201	205	202	196	211	227	227	228	231	158	117	115	143	157	169	181	0	174	149	163
Airbus A340 300	26	26	30	39	36	37	40	29	37	50	45	54	67	67	100	114	99	97	64	64	64	64	67	83	115	119	119	112	119	108	89	70	73	72	102	109	132	139	139	146	148	148	148	147	149	140	137	149	147	149	135	134	142	139	146	118	118	121	123	138	150	165	141	141	144	146	107	120	126	126	127	145	147	153	135	0	0	0	145	0	160	163	176	178	185	186	199	202	193	193	198	201	203	202	204	202	199	200	0	195	195	195
Airbus A340 500	4	4	5	8	23	26	28	33	39	42	46	51	92	103	91	91	96	99	103	56	56	50	43	46	52	56	65	70	70	73	73	71	61	56	71	99	107	110	113	108	69	69	70	71	53	48	48	46	69	76	81	83	89	95	94	88	96	92	74	65	65	70	68	70	70	59	60	62	64	67	70	71	72	77	79	0	0	0	98	0	99	107	108	117	128	137	149	147	146	146	148	151	151	152	152	129	129	123	0	116	114	115
Airbus A340 600	0	0	0	0	0	1	4	6	6	6	6	8	63	20	34	35	45	42	33	37	38	40	60	64	62	48	38	20	22	33	41	29	31	34	59	65	67	70	73	74	69	69	72	73	75	70	70	71	88	102	112	132	117	135	146	152	126	123	57	30	34	39	38	38	38	37	37	37	37	37	37	37	37	44	45	0	0	0	116	0	125	118	118	118	116	116	105	105	105	105	39	39	39	41	41	7	8	9	0	5	5	6
Airbus A350 1000	1325	1322	1331	1391	1468	1533	1485	1545	1571	1675	1766	1908	1821	1796	1768	1822	1685	1705	1674	1644	1644	1626	1641	1630	1629	1637	1625	1630	1645	1636	1661	1671	1656	1721	1927	1931	1949	1949	1940	1925	1948	1950	1947	1947	1934	1923	1912	1902	1827	1839	1798	1801	1801	1807	1809	1812	1814	1715	1711	1715	1737	1720	1723	1749	1778	1788	1802	1808	1823	1845	1847	1846	1854	1868	1871	0	0	0	1894	0	1894	1906	1918	1955	1981	2029	2033	2090	2093	2084	2099	2086	2095	2166	2158	2047	2081	2082	0	1999	1994	1999
Airbus A350 800	837	837	831	886	937	1005	1059	1152	1261	1316	1457	1412	1325	1397	1472	1360	1356	1375	1405	1293	1266	1278	1299	1331	1349	1399	1439	1470	1475	1506	1510	1430	1455	1746	1797	1822	1780	1805	1788	1827	1868	1849	1840	1863	1797	1746	1730	1764	1831	1854	1903	1936	1932	1962	1960	1980	2060	2063	1884	1791	1825	1819	1828	1843	1767	1789	1817	1855	1879	1746	1786	1844	1847	1589	1692	0	0	0	1695	0	1717	1716	1715	1755	1754	1737	1676	1636	1648	1674	1667	1590	1544	1589	1607	1624	1624	1639	0	1648	1687	1734
Airbus A350 900	19	19	43	54	88	98	53	65	64	72	77	65	188	143	209	227	258	281	262	256	254	251	267	267	305	300	304	308	312	325	332	335	336	334	336	338	338	332	311	315	328	330	331	326	328	339	330	315	308	313	323	330	331	326	324	327	339	337	332	337	365	377	378	381	386	377	376	381	384	371	372	373	376	383	391	0	0	0	287	0	268	271	281	309	315	321	319	326	324	321	297	294	287	276	274	274	256	272	0	306	325	331
Airbus A350 900ULR	145	145	148	178	197	192	129	160	161	163	121	131	122	123	156	159	190	216	237	240	237	234	233	239	242	249	254	260	281	299	305	293	285	273	292	296	299	299	310	308	307	309	311	303	302	306	303	290	276	276	271	269	273	273	280	266	282	268	271	279	284	284	289	297	296	305	315	312	313	312	327	332	333	309	336	0	0	0	351	0	330	301	299	295	302	302	305	314	318	313	209	203	206	216	228	232	266	301	0	329	328	332
Airbus A380 800	376	362	372	354	367	379	381	405	414	423	457	498	523	509	469	459	463	467	467	468	468	471	480	480	474	476	473	483	483	499	515	518	518	527	544	551	566	583	581	585	588	588	579	572	576	578	579	573	541	540	541	540	540	538	540	541	542	542	435	444	453	464	470	459	460	471	474	474	475	468	468	477	474	476	477	0	0	0	476	0	475	475	475	473	472	468	463	464	461	460	461	462	463	467	467	467	473	473	0	480	482	488
Antonov An 140	0	0	0	0	0	0	0	0	0	0	0	0	0	0	0	0	0	0	0	0	0	0	0	0	0	0	0	0	0	0	0	0	0	0	0	0	0	7	1	1	0	5	20	0	8	6	6	7	21	10	10	16	10	10	6	8	6	9	9	9	9	14	14	14	14	0	9	9	9	9	9	18	18	19	22	0	0	0	23	0	8	16	20	20	23	22	20	20	25	15	24	27	37	36	34	39	45	42	0	45	34	30
Antonov An148	0	0	0	0	4	20	29	23	21	20	21	25	11	9	8	9	7	7	10	19	20	15	12	11	9	17	18	26	24	14	16	21	21	21	16	15	16	20	16	14	11	11	6	7	1	16	17	18	18	13	15	15	16	11	12	16	24	27	40	27	31	29	29	30	31	8	31	32	34	35	35	42	44	44	44	0	0	0	32	0	0	0	31	31	31	31	31	33	33	3	35	36	38	35	35	35	36	35	0	36	36	36
ATR 42 600	47	47	55	82	67	78	77	86	71	48	75	80	91	94	111	121	119	136	151	157	142	137	113	117	120	107	129	116	107	114	138	159	119	111	135	155	168	178	181	161	152	153	150	148	164	128	126	98	102	118	133	129	158	172	153	132	135	121	108	68	80	96	114	95	87	105	98	107	101	108	126	133	141	149	152	0	0	0	110	0	110	128	146	159	164	167	181	171	146	135	143	123	116	119	128	129	125	97	0	132	121	120
ATR 72 600	77	77	77	68	50	50	76	60	56	72	78	60	126	114	129	107	126	166	193	216	221	228	233	248	237	207	224	234	236	232	240	243	248	242	238	196	192	185	176	173	188	189	192	195	193	175	150	127	127	131	162	182	172	153	144	146	150	154	160	151	163	202	213	185	163	165	148	151	144	127	120	126	151	129	79	0	0	0	100	0	97	105	118	134	160	171	159	188	189	175	176	162	154	191	158	141	141	140	0	130	162	150
BAe 146 200	86	85	102	130	169	177	161	90	90	92	91	87	121	99	118	118	160	203	214	222	222	224	228	226	205	213	212	217	228	236	228	225	198	206	243	238	235	249	226	229	232	239	246	264	268	272	258	254	272	265	271	282	250	203	235	248	263	248	238	270	284	300	283	290	298	303	294	262	269	258	261	180	181	266	259	0	0	0	157	0	149	167	156	239	254	265	265	277	293	288	276	235	235	229	213	205	215	242	0	203	204	131
Beechcraft 1900D	2	2	108	63	65	57	79	27	12	72	174	157	100	34	77	22	66	5	10	8	8	11	11	10	30	83	32	87	114	64	117	84	88	86	81	27	40	251	124	127	164	207	83	138	54	43	46	47	142	194	205	198	164	51	50	52	77	70	148	149	164	149	73	131	204	206	144	144	70	12	69	70	130	129	187	0	0	0	90	0	170	173	114	133	18	21	108	163	102	107	25	72	72	73	193	144	90	182	0	50	53	33
Beechcraft Super King Air 200	50	50	44	32	38	45	43	35	35	38	40	50	51	43	56	61	57	40	49	35	35	39	30	34	32	31	18	22	24	21	21	25	28	28	33	41	27	36	33	32	35	38	40	36	43	67	61	61	55	55	58	58	43	44	42	43	42	47	39	47	53	56	63	72	70	71	70	61	59	65	79	74	76	58	51	0	0	0	36	0	18	16	17	16	46	52	53	56	49	55	34	30	44	55	55	49	44	50	0	47	63	52
Boeing 717 200	2	2	13	8	28	28	11	17	6	10	12	14	16	11	44	47	64	61	57	15	19	18	31	32	37	45	32	19	19	22	13	14	15	16	12	12	12	16	24	26	35	37	35	22	3	4	4	4	13	14	18	23	25	19	24	15	11	8	14	19	20	24	31	32	27	22	17	16	16	18	8	12	12	15	27	0	0	0	29	0	34	37	47	31	19	22	20	23	23	21	24	21	23	25	30	38	40	43	0	45	56	51
Boeing 727 200	0	0	0	0	0	0	0	2	0	3	0	3	0	4	0	0	0	4	7	1	1	1	2	6	7	5	8	10	3	3	7	4	5	0	7	1	4	10	12	13	9	9	10	10	15	14	12	13	9	5	5	5	0	1	4	0	1	1	2	2	2	2	5	5	2	3	3	2	2	6	0	0	0	5	7	0	0	0	6	0	3	3	4	8	5	4	4	6	7	4	4	8	8	10	12	14	13	14	0	21	21	22
Boeing 737 100	139	139	126	135	171	161	158	141	226	216	159	165	164	168	217	53	95	106	96	63	71	78	134	142	145	142	135	122	131	126	78	58	75	67	29	74	68	78	90	45	40	42	37	48	45	48	59	120	91	75	108	195	195	166	155	119	63	63	83	90	83	76	77	85	76	90	66	76	80	77	82	71	77	87	61	0	0	0	89	0	86	89	83	85	58	55	73	80	95	98	86	92	109	105	109	128	157	129	0	165	165	122
Boeing 737 200	3	3	11	25	32	30	38	41	52	44	24	23	30	33	45	42	22	38	39	33	34	34	34	9	23	18	22	21	17	33	29	46	50	26	46	59	65	62	29	38	44	51	54	77	75	79	87	105	114	114	117	123	129	41	55	61	101	64	76	62	69	71	80	81	83	84	84	87	89	75	68	61	61	53	49	0	0	0	40	0	38	36	34	29	26	20	12	5	3	5	19	23	29	28	23	19	25	35	0	36	37	54
Boeing 737 300	98	98	93	76	74	74	77	70	50	39	35	38	17	13	181	197	109	89	49	51	56	53	59	62	70	74	70	71	49	49	52	52	55	52	56	57	57	62	63	64	69	72	78	78	82	22	26	34	93	101	37	45	50	3	0	2	10	18	27	33	43	40	42	31	38	39	40	45	36	34	23	20	26	34	36	0	0	0	31	0	32	15	11	10	10	11	16	19	16	16	18	18	24	21	64	70	59	54	0	50	50	52
Boeing 737 400	2	2	6	5	7	3	22	20	5	4	10	8	10	16	3	11	25	40	27	25	30	33	52	59	55	24	25	23	23	30	32	27	30	24	22	8	15	13	12	12	18	21	19	22	24	20	23	27	43	26	26	34	44	25	27	23	18	11	13	23	40	32	23	35	41	38	34	44	51	12	12	14	16	16	21	0	0	0	6	0	18	12	21	28	23	20	19	26	28	28	25	24	27	36	36	38	46	50	0	52	57	53
Boeing 737 500	6	6	9	15	17	21	23	25	26	15	12	17	19	30	23	23	68	33	91	127	122	122	106	112	94	110	107	95	93	91	91	55	60	60	62	67	59	67	15	15	19	14	9	21	35	36	39	36	37	15	21	32	43	36	27	40	44	44	48	34	50	56	64	59	58	63	63	55	61	66	63	68	81	63	65	0	0	0	33	0	29	30	30	33	34	33	37	31	38	39	45	46	45	49	59	58	59	63	0	51	57	32
Boeing 737 600	40	40	32	43	58	77	91	104	83	85	80	74	96	100	141	185	207	214	205	224	228	228	247	188	199	202	212	211	216	224	228	224	221	228	203	221	187	193	206	209	212	214	216	217	217	219	219	184	180	172	174	194	217	241	238	179	199	210	205	209	221	233	244	259	250	268	276	280	273	225	232	226	196	231	257	0	0	0	273	0	269	270	257	199	187	206	227	234	249	266	266	265	267	211	212	213	215	225	0	216	209	205
Boeing 737 700	128	128	141	175	177	190	205	188	210	201	163	141	138	117	139	153	161	183	191	203	204	197	173	156	155	165	177	197	222	210	217	236	254	276	285	316	323	278	280	242	225	212	208	168	164	186	223	246	252	294	319	301	306	299	299	302	277	228	193	173	164	175	170	187	202	197	220	206	211	233	262	272	267	265	284	0	0	0	227	0	206	205	140	156	176	189	227	273	248	300	317	315	312	312	338	311	306	283	0	281	247	184
Boeing 737 700C	302	291	307	327	320	332	321	263	319	371	381	429	307	321	399	445	513	523	563	588	580	602	649	676	676	693	717	725	719	717	774	808	831	766	950	976	997	1000	1011	1028	1005	1007	1019	1026	1025	1041	1051	741	829	800	827	818	843	770	761	764	793	796	828	886	905	913	934	935	902	897	912	934	947	904	956	997	936	969	1023	0	0	0	1085	0	1145	1135	1169	1187	1186	1216	1213	1258	1258	1252	1018	999	998	1028	1059	1044	1052	1102	0	1071	1058	1124
Boeing 737 700ER	106	106	99	110	138	147	153	135	132	148	146	133	163	166	167	142	109	80	93	96	99	96	109	125	131	139	146	128	134	132	133	164	173	188	213	206	229	236	202	202	217	214	213	214	209	211	211	208	209	218	200	205	223	232	241	249	294	321	331	324	326	346	353	357	374	391	408	399	422	402	401	408	407	378	352	0	0	0	350	0	350	359	356	355	376	362	362	403	408	410	420	390	382	398	408	410	397	378	0	399	390	387
Boeing 737 800	78	78	87	54	66	65	80	66	96	149	147	153	138	129	153	226	225	178	184	184	179	179	176	133	133	142	170	212	224	201	195	203	185	190	117	115	112	99	105	113	139	137	146	162	174	185	193	214	183	179	174	196	200	201	200	193	221	229	198	187	184	197	189	184	190	190	200	201	196	206	184	202	220	204	208	0	0	0	239	0	217	233	239	228	226	221	222	198	219	222	124	134	142	127	141	163	145	143	0	136	140	144
Boeing 737 900	6	6	8	10	12	18	30	31	22	41	22	30	29	29	101	118	112	126	135	146	146	147	155	141	155	145	151	134	134	131	136	125	133	121	119	109	105	86	104	111	145	123	116	180	124	103	90	97	79	72	72	75	62	81	85	95	107	111	109	109	106	113	115	116	119	124	123	124	148	183	194	208	161	158	144	0	0	0	167	0	159	169	169	71	78	81	94	107	101	105	116	151	154	157	158	163	169	161	0	160	160	144
Boeing 737 900ER	37	37	25	36	48	57	66	87	190	230	221	151	222	242	286	295	231	247	248	243	228	242	247	124	125	136	134	136	132	138	145	194	157	170	241	250	263	258	272	269	244	246	250	177	174	163	150	180	183	189	196	193	209	229	215	235	290	291	305	299	306	306	289	269	259	265	272	272	252	239	242	234	140	138	141	0	0	0	142	0	147	147	156	178	206	225	237	247	256	234	228	262	272	274	282	239	282	286	0	297	284	286
Boeing 737 MAX 10	1784	1785	1805	1883	1949	1951	1900	1714	1523	1617	1602	1582	1621	1555	1605	1638	1530	1431	1455	1273	1270	1263	1263	1285	1314	1315	1274	1270	1293	1326	1371	1329	1318	1321	1229	1255	1276	1289	1272	1280	1282	1285	1263	1259	1228	1138	1143	1021	918	929	920	884	878	872	882	621	640	660	674	686	694	702	733	755	767	704	724	745	755	761	764	770	768	765	762	0	0	0	699	0	698	698	669	522	525	522	572	584	587	589	498	504	508	504	506	505	510	478	0	341	362	383
Boeing 737 MAX 7	563	564	566	618	628	627	648	559	557	559	532	486	512	528	516	517	559	524	500	504	506	517	502	495	486	494	471	480	480	502	507	498	508	530	607	631	648	637	641	648	642	637	638	561	510	475	443	423	455	464	486	507	507	432	422	411	415	411	413	399	390	402	399	403	404	361	364	370	381	390	400	434	447	453	453	0	0	0	470	0	492	494	512	485	504	507	559	533	535	544	394	314	333	353	351	389	409	422	0	386	420	432
Boeing 737 MAX 8	100	104	100	119	157	133	127	149	153	139	135	114	155	209	272	304	312	302	310	306	307	311	272	270	276	243	246	237	207	211	191	171	173	195	166	153	162	162	180	174	163	177	180	187	196	186	177	179	234	243	244	243	225	214	202	191	186	157	176	182	200	203	192	219	228	221	212	190	184	181	197	198	194	212	204	0	0	0	220	0	228	229	234	218	219	222	215	217	200	221	242	235	238	220	232	229	245	254	0	170	170	175
Boeing 737 MAX 9	493	493	494	557	567	565	615	599	635	658	692	693	629	612	538	448	398	401	399	404	410	422	432	432	419	426	434	445	446	450	454	335	353	380	432	385	386	400	399	403	410	407	408	413	413	407	404	391	392	392	389	389	394	385	385	376	377	378	356	367	383	368	368	376	375	374	374	378	382	374	380	365	368	369	368	0	0	0	379	0	393	396	397	415	412	425	325	325	328	333	340	342	342	345	355	353	321	332	0	316	336	358
Boeing 747 100	0	0	0	0	0	0	0	0	0	1	1	1	0	0	1	2	1	0	0	0	1	1	1	2	3	2	1	0	0	0	0	0	0	0	0	0	0	0	0	15	6	6	5	4	4	1	0	0	0	0	2	1	1	1	1	2	5	8	6	5	5	4	5	5	5	7	4	1	1	2	1	1	1	2	2	0	0	0	0	0	1	1	0	0	0	0	4	5	5	5	5	7	7	5	0	0	0	1	0	1	1	0
Boeing 747 200	0	0	0	0	0	2	5	7	10	14	14	14	14	14	26	24	24	23	11	11	12	11	11	11	11	11	11	11	11	11	11	14	4	1	1	1	0	14	46	48	48	50	50	38	0	0	0	0	0	0	0	0	0	0	0	2	0	1	3	5	5	6	7	6	7	7	6	0	0	0	0	2	0	0	0	0	0	0	0	0	1	0	0	1	0	0	0	0	0	0	0	0	0	0	0	1	1	0	0	1	0	0
Boeing 747 300	1	1	0	0	1	1	1	1	0	0	0	0	1	3	1	1	0	2	0	1	1	1	1	1	1	0	0	2	2	2	2	2	2	17	19	30	30	29	29	31	31	31	31	31	29	29	29	29	30	30	29	29	29	29	29	29	29	31	29	29	29	29	29	29	29	29	29	29	29	29	29	29	29	29	29	0	0	0	29	0	29	29	29	29	29	29	29	29	29	29	29	29	29	29	29	29	0	0	0	0	0	0
Boeing 747 400	25	25	18	0	0	0	0	1	2	2	2	0	8	13	13	13	13	13	23	21	21	19	19	6	7	8	15	7	5	5	5	7	22	44	47	49	50	50	57	59	60	60	60	60	60	60	59	60	60	56	56	56	48	48	48	48	48	48	48	48	48	48	52	52	53	55	56	56	56	56	56	65	56	48	48	0	0	0	48	0	49	49	49	49	49	49	49	48	48	48	48	48	48	48	48	48	12	32	0	47	48	48
Boeing 747 400ER	0	0	0	0	0	1	1	1	0	1	0	0	1	0	0	0	0	0	1	0	0	0	0	0	0	1	1	1	0	0	0	0	1	0	0	0	0	0	0	0	2	2	1	1	1	0	0	0	2	12	12	14	14	16	14	12	12	8	8	8	10	10	10	10	8	9	9	9	9	9	7	0	0	0	0	0	0	0	0	0	0	0	0	0	0	0	0	4	4	5	0	2	0	0	0	0	1	3	0	2	0	0
Boeing 747 8i	548	548	550	439	364	235	240	226	223	221	224	225	216	240	136	134	133	123	121	121	121	121	111	115	121	123	128	130	139	143	142	152	152	141	111	113	113	123	123	124	124	124	124	123	123	124	123	106	92	68	68	68	68	68	68	68	68	68	78	100	100	100	105	105	105	95	95	95	95	95	95	95	95	95	95	0	0	0	102	0	102	102	102	102	102	103	103	103	103	103	102	102	102	102	95	95	44	78	0	99	127	127
Boeing 747SP	953	954	950	1007	865	919	859	901	792	819	1005	1091	1111	1094	1035	1044	1120	1142	1187	1189	1190	1202	1163	1177	1202	1226	1251	1283	1320	1335	1340	1353	1303	1056	908	918	913	929	911	917	920	930	866	875	906	945	949	859	800	604	614	557	555	564	565	572	585	593	599	610	619	629	642	649	641	653	663	669	685	692	679	679	712	723	721	0	0	0	742	0	768	767	785	793	796	824	840	851	889	917	949	968	998	1011	1027	1003	706	701	0	596	628	642
Boeing 757 200	73	73	51	57	68	79	84	94	100	134	162	198	254	276	329	320	330	329	227	250	251	253	261	262	274	273	277	267	268	271	247	228	235	249	288	304	325	309	261	259	265	267	268	330	339	337	285	296	297	299	305	318	327	326	323	326	329	328	334	327	328	339	344	351	351	352	352	367	378	382	378	383	381	371	370	0	0	0	363	0	365	366	368	366	375	373	374	371	374	375	374	374	373	372	372	375	375	346	0	352	338	346
Boeing 757 200ER	57	55	48	74	66	77	116	126	141	146	157	137	128	157	189	210	225	236	196	193	219	225	218	197	201	220	217	238	247	235	243	235	212	200	189	196	202	208	209	192	189	189	191	193	194	196	204	204	229	247	267	284	296	301	305	323	322	339	339	336	336	338	347	362	370	365	364	375	367	380	368	359	357	365	364	0	0	0	372	0	373	384	367	355	332	325	297	212	218	224	217	221	238	238	242	240	247	253	0	263	269	270
Boeing 757 300	23	23	23	26	33	22	39	41	32	31	26	18	55	66	68	84	34	44	36	32	27	27	23	21	19	16	17	13	15	16	23	25	31	48	78	81	35	34	34	38	43	45	45	58	40	29	26	48	68	73	74	66	26	25	23	21	25	21	13	31	34	37	42	43	47	74	79	91	96	97	93	58	57	22	18	0	0	0	45	0	40	41	14	18	24	28	37	47	44	52	47	37	40	34	34	27	26	26	0	35	40	40
Boeing 767 200	1304	1309	1311	1388	1294	1288	1204	1211	1192	1236	1267	1205	1253	1255	1253	1348	1377	1409	1423	1440	1444	1462	1480	1440	1421	1374	1365	1362	1359	1351	1361	1260	1359	1312	1453	1375	1422	1515	1552	1551	1559	1491	1480	1497	1476	1499	1500	1528	1609	1619	1620	1634	1624	1630	1650	1652	1673	1719	1509	1546	1553	1565	1578	1560	1480	1467	1482	1526	1536	1492	1505	1489	1493	1498	1518	0	0	0	1819	0	1864	1874	1882	1921	1910	1918	1940	1955	1967	2000	2020	2016	2044	2063	2067	2076	1704	1625	0	1639	1643	1660
Boeing 767 200ER	106	108	115	124	122	122	126	131	127	130	167	157	170	204	245	273	207	200	197	196	199	202	162	179	194	197	197	195	209	220	241	180	235	324	304	201	217	281	273	250	228	161	167	228	248	234	229	239	290	281	285	273	273	258	261	257	270	256	240	234	220	228	242	246	162	176	189	207	192	192	193	204	230	272	301	0	0	0	321	0	367	373	360	259	274	265	218	259	285	250	200	144	135	141	142	153	162	172	0	176	194	171
Boeing 767 300	37	31	40	54	66	66	57	25	25	43	43	46	19	40	65	149	60	78	66	52	53	58	71	61	66	85	98	101	107	101	97	99	101	108	96	100	93	93	93	95	109	128	125	100	103	74	65	59	58	54	47	42	41	39	41	37	35	18	26	29	38	42	36	43	41	33	43	57	58	63	74	83	103	104	102	0	0	0	117	0	121	116	120	99	83	87	87	94	90	87	88	90	94	91	81	90	65	59	0	61	63	63
Boeing 767 300ER	328	328	330	324	331	346	356	354	357	368	401	390	364	379	484	441	444	442	434	447	443	443	445	443	439	430	431	439	445	442	444	405	407	423	447	468	468	493	510	517	509	509	492	491	494	496	497	503	532	557	562	560	550	565	565	339	353	356	368	385	403	423	449	457	444	452	449	465	489	495	528	538	548	564	583	0	0	0	617	0	617	623	631	618	620	634	615	612	612	614	605	606	613	614	617	638	671	689	0	708	708	706
Boeing 767 400ER	12	12	12	0	7	15	20	22	25	22	31	20	61	73	89	123	96	84	115	123	123	123	118	112	115	120	117	118	77	62	63	65	65	65	72	76	71	84	90	124	124	125	131	114	131	88	76	87	87	87	91	81	59	60	70	70	84	94	103	104	120	114	120	113	116	118	118	128	118	118	120	120	116	146	146	0	0	0	139	0	143	143	145	126	138	137	133	126	119	119	118	115	116	119	119	119	119	119	0	82	86	86
Boeing 777 200	1144	1147	1130	1042	886	896	972	971	948	886	849	821	793	802	766	767	781	738	752	752	754	754	762	770	772	800	794	810	820	832	853	754	724	605	555	545	542	582	612	636	663	666	680	703	705	729	720	734	716	703	687	686	688	689	694	695	715	713	715	734	748	759	761	754	761	777	795	810	817	821	831	842	837	854	857	0	0	0	831	0	781	775	782	771	759	754	758	764	764	761	760	758	729	734	734	732	723	714	0	662	639	640
Boeing 777 200ER	73	73	72	75	86	88	92	93	89	83	77	100	82	116	211	189	195	214	229	232	237	238	242	172	185	187	199	203	198	203	205	122	129	134	159	147	147	155	146	151	149	151	152	151	155	142	145	141	136	147	187	170	174	184	188	205	252	252	258	254	263	269	285	288	292	304	312	319	324	325	328	276	285	295	307	0	0	0	303	0	305	306	302	223	226	234	236	240	251	265	195	190	203	233	233	236	236	251	0	198	201	193
Boeing 777 200LR	62	62	73	75	84	88	82	87	85	91	84	88	162	175	212	216	241	230	206	185	185	186	195	136	141	159	167	202	211	222	215	251	241	239	214	234	236	239	303	286	290	293	293	288	248	231	224	189	198	206	217	221	219	227	230	235	237	235	251	254	259	279	282	293	299	306	300	311	323	325	329	317	303	308	300	0	0	0	280	0	287	287	256	288	308	328	311	306	302	308	192	201	217	211	226	265	269	278	0	219	250	244
Boeing 777 300	19	19	19	1	10	10	2	15	11	2	4	13	18	33	44	42	46	39	41	46	46	45	54	10	10	10	22	22	23	22	25	22	22	22	23	33	33	33	33	23	23	23	23	23	23	23	23	10	10	9	11	8	3	8	10	3	3	3	4	4	4	3	3	5	5	5	5	6	4	4	1	2	4	4	2	0	0	0	0	0	5	8	38	28	28	28	56	56	56	56	75	75	75	71	71	71	71	71	0	73	73	73
Boeing 777 300ER	13	13	14	15	6	1	16	8	6	20	22	25	49	55	71	79	88	89	94	41	41	44	48	78	80	85	85	85	13	8	8	12	16	18	21	22	23	23	23	23	23	23	8	8	8	8	11	4	4	4	0	0	0	9	13	1	2	1	1	1	2	9	9	10	11	11	11	8	8	8	9	25	25	42	38	0	0	0	46	0	46	42	42	42	35	35	35	35	35	37	39	39	37	35	35	35	29	6	0	6	6	9
Boeing 777 8	44	44	77	88	79	70	69	22	31	48	88	95	242	338	249	284	312	330	341	346	346	348	313	326	331	360	353	334	338	334	337	314	315	330	341	348	345	313	360	373	365	370	374	389	322	296	300	317	289	298	300	284	285	283	288	240	260	262	278	283	300	308	313	313	319	318	313	315	309	321	330	332	352	346	370	0	0	0	420	0	398	402	392	368	335	329	323	313	314	325	344	368	375	359	373	342	341	344	0	346	343	336
Boeing 777 9	30	30	30	44	138	254	248	249	260	258	276	295	288	288	284	287	285	281	269	269	269	269	269	276	277	284	287	304	321	328	339	335	335	274	261	255	254	231	164	164	158	156	154	148	119	118	118	115	113	113	113	113	113	113	113	113	114	114	114	128	134	134	134	134	132	137	152	152	153	156	158	155	155	156	155	0	0	0	155	0	155	152	152	152	165	168	168	171	171	168	165	166	166	166	166	166	157	144	0	147	148	148
Boeing 787 10 Dreamliner	231	228	244	264	312	335	340	402	420	430	393	411	527	524	640	678	708	697	718	749	753	760	774	783	786	777	792	812	819	834	774	805	829	793	828	836	783	814	826	825	822	834	842	833	837	843	823	721	665	671	670	672	652	645	653	644	650	659	664	670	676	685	687	692	732	524	522	522	539	534	540	561	514	487	482	0	0	0	463	0	374	361	359	348	354	370	379	383	397	401	367	369	367	363	362	358	370	405	0	389	393	401
Boeing 787 8 Dreamliner	1809	1821	1895	1930	1991	2084	2095	1969	1914	1940	1887	1923	1590	1337	1478	1507	1461	1489	1594	1585	1403	1416	1431	1393	1409	1414	1380	1344	1330	1277	1195	1400	1384	1439	1512	1553	1552	1561	1636	1646	1669	1695	1650	1678	1724	1848	1854	1963	1847	1958	2029	2021	1960	1997	2052	2129	2299	2360	2238	2200	2272	2341	2400	2426	2446	2429	2363	2418	2430	2367	2281	2226	2098	2194	2281	0	0	0	2174	0	2194	2216	2160	2172	2138	2184	2303	2389	2473	2493	2533	2453	2606	2704	2665	2712	2747	2729	0	2689	2715	2784
Boeing 787 9 Dreamliner	277	277	232	312	331	354	383	445	423	546	524	451	455	450	503	472	504	501	512	505	508	511	504	507	521	468	474	473	471	477	487	554	549	535	483	500	524	521	577	582	586	588	589	506	528	545	520	474	468	448	426	403	410	388	400	412	447	444	462	439	450	472	481	498	508	486	467	489	488	499	527	549	559	528	527	0	0	0	519	0	530	531	533	530	537	535	525	524	531	537	546	541	518	469	467	476	472	487	0	521	526	481
Bombardier CRJ100	155	155	158	143	152	149	205	209	155	136	166	186	182	189	225	218	165	148	163	110	110	110	106	107	116	121	137	132	119	121	126	143	150	161	204	171	141	152	161	165	165	167	162	174	199	196	177	217	250	252	248	251	261	266	251	180	202	183	181	196	196	182	177	169	170	152	162	171	181	184	198	217	220	220	206	0	0	0	196	0	224	231	271	274	266	261	247	257	248	257	250	253	245	249	278	279	292	312	0	241	225	191
Bombardier CRJ1000	439	436	418	472	506	468	486	483	384	420	423	406	354	360	341	361	324	295	324	285	286	288	200	193	188	211	248	239	248	233	296	331	335	361	328	342	347	324	329	346	346	341	353	345	372	368	366	390	385	333	316	323	289	321	325	357	385	424	385	413	464	499	523	557	535	571	602	644	653	655	670	676	658	593	604	0	0	0	612	0	533	503	516	491	491	467	442	470	454	432	381	373	346	376	401	409	406	421	0	462	478	506
Bombardier CRJ200	445	444	462	501	499	494	507	548	528	446	521	522	515	445	425	394	350	325	319	312	315	325	324	329	315	333	338	297	311	357	367	379	339	333	339	345	285	290	323	340	323	376	377	389	403	395	351	384	407	435	442	435	418	398	406	405	443	448	423	418	372	326	345	346	347	346	346	334	350	339	328	326	300	291	295	0	0	0	286	0	267	264	304	298	306	288	308	345	374	380	379	384	378	421	454	461	468	510	0	515	531	533
Bombardier CRJ700	411	412	404	429	407	400	450	436	415	388	469	458	331	333	343	303	293	364	381	377	368	373	426	414	355	359	376	385	412	420	379	328	362	350	333	253	286	390	402	413	423	334	349	362	349	357	370	348	338	327	345	305	279	297	304	299	344	341	287	296	309	307	329	331	358	321	333	359	367	405	433	434	459	461	409	0	0	0	466	0	480	476	463	433	415	404	419	442	361	351	345	314	333	324	351	387	401	403	0	396	406	370
Bombardier CRJ900	183	183	199	212	215	221	201	235	176	207	217	229	314	290	258	289	269	266	268	253	253	250	250	242	246	264	247	246	254	245	242	230	179	193	245	278	278	259	247	250	236	238	241	215	224	233	243	256	297	304	291	313	299	289	299	320	343	355	338	339	337	330	325	227	240	261	262	285	304	311	309	322	311	274	268	0	0	0	259	0	261	270	274	267	267	279	296	295	245	257	244	219	241	254	271	252	262	268	0	267	282	237
Bombardier CS100	2140	2141	2238	2294	2305	2279	2328	2591	2664	2864	3048	3110	2589	2642	2600	2455	2422	2547	2632	2605	2515	2486	2475	2422	2475	2482	2449	2372	2430	2556	2505	2277	2337	2426	2260	2270	2283	2232	2332	2339	2388	2407	2359	2387	2427	2558	2540	2799	2807	2938	3000	2916	2824	2909	2960	3094	3229	3294	3321	3188	3205	3198	3236	3322	3287	3254	3186	3227	3300	3287	3304	3240	3296	3205	3128	0	0	0	3337	0	3156	3215	3301	3347	3436	3352	3329	3341	3379	3585	3619	3561	3629	3681	3680	3592	3671	3608	0	3513	3634	3724
Bombardier CS300	452	453	465	486	496	566	564	640	620	663	709	721	681	735	765	690	711	731	773	762	773	774	776	758	770	790	757	785	795	793	784	748	762	725	786	752	741	744	762	770	650	652	658	664	646	668	701	653	641	661	658	644	640	666	673	735	764	810	859	889	949	958	952	921	912	764	805	871	855	846	816	754	769	770	765	0	0	0	843	0	958	1016	1035	1002	1022	1059	982	885	873	892	764	752	790	858	863	860	839	866	0	756	747	733
Bombardier DHC 6 400	46	46	51	53	52	87	89	100	97	80	80	94	100	113	108	112	112	119	103	108	106	106	83	79	68	171	142	147	156	152	129	121	124	129	128	102	111	107	97	104	112	120	116	104	109	95	99	95	124	128	136	101	96	98	96	104	97	110	117	132	127	136	136	140	156	157	164	166	165	159	160	163	160	194	182	0	0	0	175	0	179	179	182	129	125	126	143	125	134	149	130	122	134	140	153	146	156	181	0	193	218	194
Bombardier DHC 8 100	78	78	89	110	132	124	100	77	63	71	70	78	97	49	60	77	51	47	60	131	141	137	110	94	88	98	96	92	83	89	88	101	65	60	113	118	127	152	160	164	166	168	163	151	153	163	148	146	169	187	197	179	196	188	186	192	186	128	128	133	143	144	162	172	178	171	173	187	187	197	187	170	165	166	166	0	0	0	183	0	202	190	189	177	165	156	163	172	164	166	163	175	157	160	184	180	175	158	0	176	166	160
Bombardier DHC 8 200	114	114	123	132	131	166	174	180	170	137	150	155	143	164	153	119	141	139	102	110	108	100	112	127	113	137	139	141	157	153	159	151	149	164	174	160	174	177	177	182	206	194	173	186	177	199	206	238	227	234	224	243	228	224	211	221	253	276	233	318	329	280	313	326	330	385	384	373	387	389	398	309	273	283	269	0	0	0	269	0	243	239	248	194	180	204	235	256	265	269	277	298	300	263	273	292	307	328	0	427	429	436
Bombardier DHC 8 300	230	195	187	222	178	199	217	230	239	196	208	181	136	133	171	158	186	206	152	182	186	183	214	217	224	237	238	246	248	252	262	290	310	330	359	362	347	329	321	313	332	333	335	348	340	330	326	375	408	419	436	431	444	443	461	475	436	412	395	369	400	421	404	413	414	391	395	400	401	427	434	411	420	447	457	0	0	0	541	0	565	569	644	678	657	671	701	704	714	715	699	739	748	749	816	819	845	872	0	852	905	947
Bombardier DHC 8 400	616	616	671	746	765	809	752	734	698	765	699	668	551	623	677	752	638	641	645	654	659	673	701	718	714	746	755	724	723	705	716	670	677	683	725	747	758	724	630	647	652	676	629	635	627	595	576	618	553	587	605	620	619	638	647	605	628	643	507	431	431	449	588	630	629	647	546	549	576	545	529	554	510	518	572	0	0	0	475	0	471	485	478	466	461	444	481	533	527	519	521	536	490	491	525	536	517	537	0	610	646	682
Bombardier Global 5000	1	1	1	11	17	24	31	53	29	22	36	33	39	33	20	42	23	26	41	38	34	34	26	21	55	54	55	73	81	66	64	76	73	91	125	117	115	100	76	84	109	113	111	97	88	78	94	124	109	120	114	112	114	117	110	111	120	114	116	109	114	99	111	109	86	91	86	83	93	122	97	102	112	120	88	0	0	0	123	0	113	103	94	103	110	108	111	129	142	56	66	93	107	114	128	153	168	173	0	91	80	95
Bombardier Global 7500	30	30	37	82	98	154	167	166	118	143	131	110	49	57	105	106	108	144	154	155	159	165	179	156	122	189	192	178	180	102	144	159	176	156	166	181	174	199	189	199	213	210	218	191	153	129	138	137	150	156	154	163	165	177	181	189	200	176	185	184	170	80	103	105	103	111	124	122	137	156	167	181	192	190	184	0	0	0	224	0	215	208	184	194	185	208	210	223	233	216	218	227	261	176	177	251	260	249	0	251	298	290
Bombardier Q400	114	115	138	167	179	184	188	185	145	129	129	117	185	221	226	184	174	208	180	169	166	173	132	130	147	153	156	164	161	130	128	108	110	137	214	236	206	215	189	186	179	184	188	204	196	202	220	227	266	263	261	239	246	233	179	182	129	138	123	132	152	188	206	216	226	288	317	325	375	394	390	391	371	367	339	0	0	0	331	0	344	350	354	353	342	353	396	395	433	421	399	385	428	427	442	464	488	451	0	455	433	441
Britten Norman BN 2 Islander	2	2	2	0	4	4	5	7	8	7	15	16	10	9	2	2	1	5	10	10	5	6	6	6	5	8	8	8	8	15	15	17	12	12	0	2	10	10	10	12	6	4	9	5	4	5	6	6	7	25	22	42	40	46	49	49	30	4	4	4	7	2	4	2	2	4	4	5	8	6	6	11	8	8	8	0	0	0	6	0	5	9	9	7	5	2	2	3	3	3	3	5	4	4	4	4	17	13	0	13	15	2
Britten Norman MKIII Trislander	43	43	34	0	10	10	5	1	1	1	29	31	2	2	21	18	0	0	4	7	7	7	9	10	9	3	1	1	28	33	31	2	31	36	8	9	19	18	32	32	65	55	55	52	47	12	20	38	41	45	43	44	42	36	32	24	39	40	38	34	38	38	84	101	84	95	104	122	125	127	149	152	156	115	115	0	0	0	109	0	111	109	110	109	109	9	8	8	13	8	10	10	10	10	13	12	12	12	0	8	11	11
CASA CN 235	9	9	8	10	6	15	15	16	29	32	54	44	51	77	56	52	41	50	43	105	125	144	58	44	50	64	56	61	62	62	60	52	73	79	60	61	73	74	81	87	97	100	109	107	125	113	99	117	145	153	141	142	131	120	122	115	107	123	111	116	103	76	66	68	76	84	86	89	94	94	104	113	122	123	125	0	0	0	108	0	86	85	84	105	114	123	109	111	121	132	142	147	160	160	166	139	155	162	0	153	169	175
Cessna 421	529	529	535	32	23	26	24	27	24	23	42	39	26	29	23	32	41	112	109	97	52	51	51	55	61	462	77	77	64	56	57	53	59	61	43	43	55	70	67	62	51	53	41	48	49	52	74	88	103	109	108	143	121	87	87	75	75	68	80	86	87	85	83	151	149	153	160	95	91	79	80	67	80	75	72	0	0	0	72	0	61	59	67	72	64	60	70	61	69	61	63	53	51	71	94	75	79	84	0	79	75	74
Cessna Caravan	56	56	39	25	22	10	7	5	6	17	48	35	16	15	38	28	34	37	39	37	29	29	38	40	46	45	56	66	44	46	48	52	53	58	34	32	32	45	47	47	42	42	37	41	43	49	57	52	60	53	65	65	60	52	51	56	60	60	57	57	52	53	52	127	125	126	123	45	61	63	58	56	58	45	52	0	0	0	55	0	41	42	47	52	81	57	51	54	42	35	37	46	48	67	61	58	59	53	0	47	54	48
Cessna Citation X	25	25	23	11	16	57	60	48	66	45	52	88	47	66	94	104	106	115	128	154	159	150	130	147	145	120	120	125	125	39	44	149	144	130	45	47	46	72	53	47	50	48	31	49	62	67	84	97	113	128	119	142	141	136	142	161	150	151	150	161	179	163	170	171	136	143	129	130	133	155	141	154	162	154	135	0	0	0	132	0	75	77	88	110	112	113	132	113	135	148	138	129	110	128	125	113	110	106	0	143	133	157
Comac ARJ21	0	0	0	0	0	6	8	13	7	10	9	18	19	18	12	36	23	23	11	8	8	14	17	6	0	0	5	15	27	21	33	30	32	28	35	31	20	22	24	25	23	24	6	4	4	3	1	1	3	18	20	27	28	29	17	20	12	12	12	12	16	11	1	1	1	1	17	17	17	24	20	13	7	7	2	0	0	0	13	0	13	13	14	14	14	14	14	17	7	12	12	10	7	4	4	0	3	7	0	21	29	35
Comac C919	148	148	136	51	54	129	92	135	158	171	180	193	240	238	249	256	321	327	329	256	256	256	256	338	341	338	272	271	27	29	30	36	38	36	45	55	56	65	112	130	129	122	90	98	106	64	71	48	101	120	141	165	176	192	210	220	232	237	85	74	63	44	42	57	71	77	60	73	66	67	52	73	59	66	86	0	0	0	112	0	115	113	132	147	162	193	205	202	200	218	183	154	159	166	184	170	182	185	0	152	150	185
Concorde	6	6	6	5	4	18	19	31	36	39	41	58	44	44	14	17	23	21	0	5	4	4	4	4	0	1	0	1	0	0	0	0	0	5	11	7	12	17	21	21	29	30	30	30	21	21	21	7	20	20	20	20	21	25	21	21	6	6	6	23	25	27	27	28	32	26	30	30	30	30	29	29	29	29	30	0	0	0	8	0	6	7	24	29	33	33	34	33	53	60	69	71	75	80	75	78	103	106	0	109	115	120
Dassault Falcon 50	0	0	8	9	20	26	22	13	15	10	13	11	7	2	19	20	14	3	4	5	5	5	2	2	6	6	8	11	24	11	7	4	6	4	4	4	5	8	10	14	11	10	8	20	20	21	21	26	24	30	19	17	14	17	24	24	16	7	5	5	15	9	11	11	18	17	17	17	30	35	29	29	39	25	27	0	0	0	10	0	11	15	19	19	19	24	27	27	28	29	28	27	23	19	21	20	19	74	0	71	89	88
Dornier 328 110	6	6	8	11	12	13	10	1	0	1	7	4	25	33	39	38	46	29	24	28	28	23	23	22	21	24	27	27	27	27	27	23	24	24	20	17	13	14	23	24	30	29	28	37	40	32	25	32	53	38	38	23	29	46	55	44	38	27	10	14	16	13	13	13	18	26	30	30	29	28	9	22	12	13	16	0	0	0	12	0	9	9	18	24	30	37	35	29	31	26	26	22	26	19	38	36	37	40	0	44	41	42
Dornier 328JET	31	31	26	16	16	17	10	20	9	17	10	14	20	33	36	39	47	76	80	65	67	56	31	30	33	28	37	38	31	24	30	22	20	28	51	63	71	78	75	65	56	47	32	31	23	31	27	39	34	32	26	40	55	56	65	83	76	63	59	62	62	66	61	65	64	88	86	60	65	67	67	82	51	52	56	0	0	0	20	0	21	26	21	26	48	57	81	99	114	111	98	55	69	74	70	69	50	70	0	80	73	78
Embraer E175 E2	343	344	361	351	309	329	216	194	191	207	264	263	330	353	425	473	463	488	316	346	336	370	380	387	370	383	383	380	379	375	360	366	344	360	339	292	290	316	306	365	372	383	384	359	323	344	347	315	330	334	335	325	330	298	316	249	165	187	217	221	270	303	321	324	312	341	331	302	270	275	261	285	293	301	289	0	0	0	326	0	327	329	317	324	295	303	304	287	269	268	294	308	308	310	278	286	299	321	0	329	369	396
Embraer E190 E2	306	311	350	412	456	572	528	513	511	508	463	455	471	441	405	353	308	255	252	290	277	282	298	316	344	381	350	373	374	314	367	410	427	420	388	390	354	334	323	334	297	298	313	241	260	281	281	329	345	385	406	408	409	381	372	340	336	344	284	312	355	374	450	453	491	534	573	604	539	561	496	507	510	515	497	0	0	0	405	0	396	398	397	410	386	390	407	425	458	476	491	489	501	509	482	540	553	535	0	494	520	488
Embraer E195 E2	1340	1345	1370	1440	1506	1568	1378	1262	1157	1196	1125	907	827	677	680	664	747	639	621	632	647	647	615	616	667	665	680	704	724	614	647	629	646	695	752	704	698	718	709	709	757	760	767	786	813	815	819	811	700	809	847	873	902	951	984	1012	1055	1150	889	872	868	864	861	871	845	856	811	827	788	803	824	829	848	867	882	0	0	0	890	0	875	857	803	817	810	836	855	901	919	898	939	855	843	879	878	930	932	933	0	983	956	981
Embraer EMB120 Brasilia	162	162	187	161	133	97	119	108	90	121	133	103	104	98	93	104	105	75	93	103	106	121	110	129	138	151	180	160	148	128	124	111	103	143	176	207	198	226	180	189	209	209	188	202	187	200	244	250	209	202	195	208	201	193	161	117	99	97	130	122	130	157	170	173	175	175	182	183	176	184	196	178	159	150	140	0	0	0	157	0	169	167	170	166	158	171	155	149	131	166	182	184	164	142	174	204	189	254	0	128	141	142
Embraer EMB170 200	125	125	132	148	134	126	138	159	155	168	116	105	132	147	117	145	130	142	161	191	207	187	195	192	189	185	176	156	170	171	171	229	280	248	207	207	201	200	203	200	215	222	221	221	232	191	211	191	203	184	194	203	181	175	185	159	185	191	204	210	199	206	196	201	211	206	195	210	231	239	246	196	201	176	165	0	0	0	153	0	133	129	138	138	162	158	222	250	237	245	252	251	255	228	224	212	184	159	0	135	143	142
Embraer EMB190	333	333	313	319	300	303	290	289	311	331	320	288	410	394	451	410	385	364	342	305	324	329	319	319	324	343	360	334	347	343	364	327	352	318	347	365	361	344	361	363	377	420	431	438	437	451	439	403	402	418	290	295	302	291	284	301	319	325	348	357	420	424	432	436	444	442	438	453	444	468	489	514	491	544	550	0	0	0	504	0	389	387	424	351	314	348	351	360	358	330	304	339	334	323	295	343	340	320	0	288	293	311
Embraer ERJ135	42	42	59	83	109	116	119	110	101	120	130	137	126	132	114	103	75	61	74	79	54	60	74	84	78	106	126	131	139	159	140	124	122	123	142	148	125	124	121	123	113	109	109	105	117	115	118	116	131	138	118	118	104	107	96	88	110	113	109	114	117	115	118	116	108	96	94	77	102	101	104	96	85	84	88	0	0	0	72	0	94	86	109	114	118	123	135	148	148	154	159	146	138	143	166	176	117	113	0	114	138	130
Embraer ERJ140	94	100	115	88	84	85	119	122	120	129	119	142	141	110	81	80	115	105	73	90	96	95	82	96	73	82	81	97	99	122	109	101	79	114	120	97	106	112	135	135	164	160	146	157	164	113	113	123	132	127	111	111	104	113	122	109	120	127	121	109	104	102	123	130	135	122	110	121	124	138	158	144	111	116	144	0	0	0	116	0	126	140	98	87	95	110	103	112	130	155	209	175	177	183	199	202	207	202	0	159	178	169
Embraer ERJ145	243	240	243	213	239	303	320	316	282	322	310	289	188	176	165	146	149	140	137	135	145	138	145	155	171	149	174	184	187	173	181	197	165	145	157	173	170	190	184	184	206	192	167	151	145	153	142	135	125	128	131	145	147	166	188	160	202	206	230	225	227	218	203	202	184	160	156	148	134	138	151	138	133	147	129	0	0	0	167	0	153	164	157	156	174	189	180	167	176	209	223	227	221	209	199	173	180	203	0	183	163	177
Embraer ERJ145XR	153	153	160	172	172	170	164	178	177	147	163	134	134	120	149	138	142	165	157	123	115	123	130	127	137	149	151	149	145	133	137	148	198	142	167	160	140	143	151	154	176	184	192	212	240	270	221	173	179	169	185	170	180	183	114	119	130	139	125	130	130	131	138	135	148	163	163	167	179	165	159	144	114	112	118	0	0	0	61	0	80	93	117	142	154	143	145	144	151	151	165	163	174	193	191	198	194	183	0	190	211	215
Embraer ERJ170	200	201	169	177	161	163	169	179	208	226	173	193	202	216	184	204	225	208	210	174	180	181	184	175	186	198	154	153	171	165	155	185	200	232	247	252	250	246	244	245	242	237	235	232	226	255	262	260	279	292	285	275	245	259	242	228	214	207	210	198	221	242	257	276	268	265	260	274	281	297	293	286	209	214	222	0	0	0	232	0	164	171	196	171	180	199	213	211	241	258	253	290	289	298	277	269	280	271	0	247	270	310
Embraer ERJ175	51	51	52	60	105	134	152	145	139	143	103	109	134	159	147	115	128	135	172	117	110	122	149	144	166	144	147	154	148	140	126	191	211	143	144	150	145	174	188	185	181	190	195	187	202	192	202	197	235	242	176	153	150	162	145	170	153	161	175	235	226	240	234	238	235	230	219	203	188	193	217	204	195	194	194	0	0	0	176	0	185	174	185	176	175	194	208	215	213	215	225	230	214	198	184	194	212	215	0	221	239	247
Fokker 100	102	102	100	91	95	103	107	111	121	116	121	132	146	155	119	67	49	55	63	72	73	74	61	59	56	51	45	38	39	48	54	56	58	59	53	54	32	53	67	73	83	83	82	86	96	99	89	95	103	116	163	147	146	135	131	125	106	90	91	89	90	86	89	91	91	94	101	108	92	80	89	86	89	87	84	0	0	0	87	0	89	92	106	138	147	157	157	169	155	158	189	196	202	205	133	115	136	135	0	167	172	144
Fokker 50	12	12	12	14	8	10	10	11	10	17	20	19	31	32	75	68	91	63	74	47	51	57	48	45	43	43	36	21	20	22	33	33	5	5	10	11	11	6	8	5	14	26	29	25	18	26	19	16	25	44	43	43	45	43	41	43	37	34	31	30	32	30	40	39	45	63	50	52	33	29	9	16	17	16	17	0	0	0	18	0	21	23	40	82	84	104	119	116	124	128	139	169	176	178	180	188	191	194	0	193	195	142
Fokker 70	16	16	21	28	35	31	25	16	7	1	0	0	2	6	21	24	26	10	17	19	19	22	22	32	39	40	41	30	29	27	27	30	23	29	24	24	27	34	34	32	32	32	35	34	38	37	16	19	21	16	16	16	27	19	19	20	19	18	18	15	17	19	32	18	18	22	21	26	38	35	40	51	54	56	58	0	0	0	64	0	63	64	72	72	54	48	61	63	70	70	77	87	85	89	92	91	93	98	0	99	103	103
Fokker 70ER	30	30	24	3	10	20	29	37	42	56	27	15	1	1	39	61	61	38	5	2	2	1	13	12	12	26	17	3	3	3	4	10	9	12	24	25	41	44	15	13	15	16	16	24	54	74	67	18	16	23	35	50	53	51	51	54	55	30	49	44	46	36	35	36	23	34	29	34	43	38	36	36	40	43	41	0	0	0	35	0	49	57	68	64	75	69	65	73	88	102	99	95	103	112	111	96	99	104	0	104	103	103
Gulfstream G650ER	365	365	389	340	347	312	325	318	325	317	364	401	208	241	283	291	321	355	322	321	313	312	179	185	181	190	203	200	212	330	345	368	228	240	236	250	255	239	245	252	261	263	263	282	303	321	355	387	394	379	405	427	441	447	454	464	469	505	566	621	672	624	720	708	739	766	749	751	782	752	792	800	691	692	635	0	0	0	757	0	745	754	725	668	731	613	599	699	706	714	685	583	570	589	609	649	635	625	0	565	595	607
Ilyushin 96 400	0	0	0	0	0	0	0	0	3	2	3	3	11	15	3	5	5	0	0	0	0	1	0	0	0	0	0	0	0	0	0	0	0	0	0	0	0	0	0	0	0	0	0	0	3	0	0	0	5	6	6	7	10	10	11	7	5	5	7	7	7	11	7	6	6	4	4	4	6	6	6	6	6	0	0	0	0	0	0	0	0	0	4	0	0	0	0	0	0	0	0	0	0	1	1	1	0	0	0	1	1	2
Ilyushin Il 114 100	0	0	0	0	0	0	0	0	0	0	0	0	0	0	0	0	0	0	0	0	0	0	0	0	0	0	0	0	0	0	0	0	0	0	0	3	0	0	0	0	0	0	0	0	0	4	12	20	20	14	14	13	12	12	12	12	12	13	14	14	14	14	14	14	14	14	14	12	12	12	0	0	0	0	0	0	0	0	5	0	2	0	0	0	4	4	0	0	3	4	4	4	3	0	3	3	3	3	0	0	5	5
Ilyushin Il 114 300	0	0	0	0	0	0	0	0	0	0	0	0	0	0	0	0	0	0	0	0	0	0	0	0	0	0	0	0	0	0	0	0	0	0	0	8	4	5	8	8	8	8	8	8	8	3	13	3	3	3	0	2	2	4	4	2	2	2	2	2	2	2	2	2	2	2	2	2	2	2	2	2	2	2	5	0	0	0	2	0	2	2	2	7	10	12	16	18	21	23	24	23	22	22	22	23	19	19	0	23	23	23
Ilyushin Il 18	0	0	0	0	0	0	0	0	0	0	0	0	0	0	0	0	0	0	0	0	0	0	0	0	0	0	0	0	0	0	0	0	0	0	0	0	8	19	20	25	34	34	32	42	46	47	53	77	61	58	56	56	56	60	60	55	53	51	51	56	54	51	51	51	52	48	48	48	49	50	63	50	49	50	55	0	0	0	55	0	58	54	56	57	58	60	60	67	69	75	76	75	73	72	72	72	71	70	0	22	21	26
Ilyushin Il 62	0	0	0	0	0	0	0	0	0	0	0	0	0	0	0	0	0	0	0	0	0	0	0	0	0	0	0	0	0	0	0	0	0	0	0	7	6	6	22	30	39	50	53	62	69	77	78	80	102	125	143	146	148	127	125	124	127	122	137	140	145	150	156	148	158	170	169	171	173	163	168	154	149	135	147	0	0	0	154	0	141	141	141	142	149	156	155	154	164	168	174	166	185	185	171	167	164	165	0	57	59	57
Ilyushin Il 86	0	0	0	0	0	0	0	0	0	0	0	0	0	0	0	0	0	0	0	0	0	0	0	0	0	0	0	0	0	0	0	0	0	0	0	0	0	0	0	0	0	0	0	0	1	1	3	1	2	2	1	2	1	1	4	4	5	4	3	3	6	3	3	3	0	0	0	0	3	3	0	0	0	0	0	0	0	0	0	0	0	0	0	0	0	0	0	0	0	0	0	0	0	0	0	0	1	1	0	2	2	5
Ilyushin Il 96 300	48	48	54	67	85	93	102	103	104	110	112	117	13	24	17	23	28	28	27	29	29	31	54	55	58	27	25	26	27	28	29	27	28	29	37	42	47	55	42	42	41	31	31	34	38	3	52	41	18	11	10	17	19	25	27	27	27	31	31	43	52	55	60	56	28	28	28	28	29	29	26	28	26	26	16	0	0	0	17	0	20	16	25	28	27	33	40	47	55	62	61	44	49	44	48	48	56	61	0	70	74	73
Irkut MC 21 300	0	0	38	2	12	21	22	28	37	24	41	55	116	132	160	168	197	202	206	185	186	188	189	184	186	195	192	221	233	216	228	190	197	201	238	216	222	225	226	225	231	230	231	233	233	210	221	223	226	227	225	224	224	223	229	229	227	229	229	228	228	228	227	214	214	224	228	233	233	225	218	232	235	250	261	0	0	0	298	0	126	139	156	174	173	166	170	170	168	165	182	190	200	199	132	140	153	162	0	173	175	133
Let L 410NG	4	4	4	38	35	34	5	6	5	5	7	13	8	10	39	13	0	1	29	56	56	57	29	29	1	56	57	58	58	6	6	7	8	11	14	15	48	48	47	47	24	22	41	75	85	113	115	61	32	30	27	24	22	23	23	23	21	21	11	11	33	33	57	57	50	69	29	28	36	28	32	34	26	26	32	0	0	0	19	0	16	16	15	15	12	13	15	17	16	18	16	22	23	37	33	25	25	25	0	22	31	31
Let L 410UVP E20	7	7	11	12	14	23	23	47	43	12	9	9	11	44	5	39	40	9	9	7	14	14	14	14	14	14	14	13	13	45	13	29	31	33	25	21	17	18	11	11	11	11	13	14	14	14	19	12	12	8	10	10	7	8	9	8	9	43	43	42	75	41	9	34	33	10	62	30	30	30	30	30	30	25	23	0	0	0	20	0	29	34	30	23	26	5	6	8	8	5	2	3	4	25	25	24	27	27	0	12	9	9
Lockheed L 1011 1	18	18	1	1	0	17	17	17	19	23	23	9	7	6	0	0	0	2	4	4	4	0	0	0	0	5	2	3	2	2	0	8	11	11	7	3	5	3	3	3	5	5	5	3	7	6	7	16	22	22	24	25	28	20	20	21	22	27	31	4	0	0	0	0	0	0	0	2	0	0	2	1	2	2	3	0	0	0	0	0	0	0	0	0	0	0	1	0	0	0	2	0	0	1	0	0	0	1	0	12	12	12
Lockheed L 1011 500	50	50	52	53	55	55	53	57	68	78	84	86	90	91	94	94	95	86	89	90	92	95	103	100	81	83	77	79	74	74	74	74	71	79	77	78	83	84	83	84	92	90	99	107	112	111	122	133	154	172	179	180	172	177	173	103	133	160	163	94	113	108	110	112	118	127	136	141	152	166	142	157	158	159	175	0	0	0	233	0	248	261	274	290	298	304	312	318	279	294	305	313	325	340	349	349	348	350	0	316	324	327
McDonnell Douglas DC 10 30	0	0	0	0	0	2	3	6	12	12	12	12	20	21	43	44	46	46	45	45	45	45	45	44	44	44	13	2	2	2	1	0	0	0	12	13	0	0	0	0	0	0	0	0	0	0	0	2	10	15	24	44	6	11	12	12	17	16	16	8	8	8	8	20	29	28	28	27	24	25	24	25	26	27	24	0	0	0	15	0	14	14	14	14	5	5	5	5	5	5	5	5	5	5	5	7	6	6	0	6	6	7
McDonnell Douglas DC 8 50	0	0	9	27	66	108	127	134	61	57	47	61	76	90	134	143	151	157	165	162	162	162	155	155	155	154	156	142	139	140	138	157	83	88	171	179	217	235	248	255	249	240	170	166	169	171	173	164	195	207	216	218	207	216	216	217	223	219	207	204	189	200	205	202	199	206	211	215	221	237	228	235	249	254	265	0	0	0	290	0	277	277	273	288	137	145	147	176	180	177	167	171	175	155	168	180	159	183	0	198	198	170
McDonnell Douglas MD 11	21	21	34	49	28	39	89	84	126	106	97	98	148	160	181	194	174	193	192	204	207	214	219	230	231	235	165	132	134	139	136	134	116	119	159	170	172	151	152	162	160	160	144	155	168	189	178	160	152	153	155	147	150	157	157	164	182	187	192	204	213	224	240	222	202	203	204	203	202	203	197	191	192	163	139	0	0	0	142	0	145	143	145	161	60	60	62	76	59	70	76	67	73	80	89	94	102	107	0	101	100	101
McDonnell Douglas MD 81	217	217	226	280	296	278	281	136	33	48	66	66	90	98	95	91	91	80	80	88	85	83	81	97	109	126	128	100	103	100	84	82	55	63	112	129	137	141	193	233	268	269	236	233	208	219	200	253	242	262	272	266	261	305	318	250	276	285	297	247	256	263	281	288	290	287	282	283	284	289	288	281	260	228	243	0	0	0	252	0	258	264	272	344	320	329	342	370	373	192	219	218	196	169	163	193	188	206	0	223	250	283
McDonnell Douglas MD 90	0	0	2	13	38	44	50	55	64	45	37	43	73	64	80	121	103	124	119	117	105	104	104	114	117	120	69	62	65	66	65	76	81	98	131	138	155	177	160	162	152	155	158	162	146	165	176	177	148	152	132	138	144	148	148	147	142	137	137	134	117	114	72	74	72	71	65	80	85	97	102	106	108	108	95	0	0	0	66	0	87	118	75	89	65	129	82	88	92	97	100	105	112	115	118	139	134	141	0	132	133	106
Mitsubishi MRJ 100	244	244	172	184	203	176	172	81	101	105	132	165	284	338	229	210	249	245	272	290	299	309	301	313	267	283	295	289	220	229	250	284	310	321	370	428	439	436	422	434	447	446	446	449	456	362	365	390	407	413	430	435	462	432	456	495	443	448	315	293	312	371	373	378	379	382	387	385	382	374	397	351	239	240	271	0	0	0	246	0	257	258	262	300	345	388	369	382	388	401	402	398	326	338	410	413	427	423	0	285	244	244
Mitsubishi MRJ 90	501	501	504	562	442	434	504	570	619	640	635	665	422	442	400	389	344	338	554	559	567	574	576	585	592	583	590	607	609	610	620	619	622	606	606	645	655	652	656	643	653	654	652	590	616	733	750	570	572	581	586	624	686	710	706	726	752	751	744	703	710	553	510	528	526	508	491	370	373	379	390	392	400	396	413	0	0	0	441	0	470	476	493	502	344	316	374	417	455	484	503	490	507	553	585	596	618	644	0	656	690	689
Pilatus PC 12	30	30	30	28	17	40	29	30	36	11	16	41	45	43	20	20	17	34	44	49	35	34	36	41	17	40	39	40	44	52	46	34	32	29	37	37	35	25	23	20	16	16	16	6	8	8	9	12	36	42	41	38	34	27	27	29	29	22	22	34	33	26	21	41	35	30	25	22	22	25	19	24	24	39	25	0	0	0	24	0	25	17	18	9	9	18	12	20	56	20	25	38	43	43	52	28	16	16	0	20	16	20
Saab 2000	82	82	79	84	93	97	108	115	124	137	138	126	137	136	51	86	102	92	77	89	90	85	90	82	93	97	81	79	79	65	76	68	68	85	96	97	114	123	138	134	136	130	134	136	142	147	153	162	139	146	134	113	86	81	86	86	104	110	114	112	140	224	230	233	219	216	195	191	197	198	200	211	211	201	204	0	0	0	118	0	98	101	105	108	118	118	128	121	88	98	101	107	141	165	179	186	194	200	0	222	194	185
Saab 340	11	11	11	21	16	24	24	22	29	33	27	24	34	20	15	16	33	21	21	25	22	23	33	38	39	40	23	32	34	45	55	45	29	47	66	80	80	69	69	78	64	58	55	39	43	33	46	42	63	53	57	44	48	25	28	53	25	27	34	46	53	56	48	45	35	33	28	28	35	43	38	30	29	23	32	0	0	0	30	0	22	25	43	45	51	59	72	75	68	43	36	51	40	52	40	50	65	81	0	74	73	79
Short 330 200	17	17	17	21	9	2	14	10	0	5	9	17	2	0	5	5	5	0	0	14	16	13	23	23	27	25	13	3	2	2	2	10	9	9	1	1	21	11	12	12	21	25	20	19	18	6	14	2	6	7	7	3	5	8	8	8	9	5	5	5	5	4	8	9	8	8	5	5	9	11	7	10	26	14	18	0	0	0	10	0	9	8	15	10	14	18	18	19	12	8	17	16	9	9	0	0	14	17	0	21	21	25
Short 360 200	5	5	5	0	0	0	0	0	0	0	1	1	7	0	14	14	1	0	0	1	1	1	1	1	0	16	17	17	18	5	5	5	5	5	10	21	27	38	33	33	33	33	18	10	5	3	3	0	0	10	19	10	10	0	0	0	0	0	0	0	0	0	4	10	5	5	2	1	0	10	4	4	15	26	3	0	0	0	12	0	0	0	5	5	16	5	5	2	19	24	30	39	34	38	44	50	46	46	0	46	43	6
Sukhoi Superjet 100	33	33	26	10	15	19	21	25	19	23	32	38	80	74	94	83	85	88	74	76	80	88	91	95	97	97	95	94	95	57	61	60	60	58	78	107	103	112	122	128	124	94	117	88	83	25	74	41	58	59	67	67	63	63	68	71	73	62	61	63	65	73	73	66	73	68	61	28	30	22	23	19	17	5	11	0	0	0	43	0	36	41	55	83	105	113	122	112	117	124	108	99	108	110	110	116	126	129	0	142	143	144
Tupolev Tu 134	0	0	0	0	0	0	0	0	0	0	0	0	0	0	0	0	0	0	0	0	0	0	0	0	0	0	0	0	0	0	0	0	0	0	0	12	3	3	3	0	0	3	3	4	5	3	3	3	5	5	2	2	5	4	4	5	4	4	11	10	14	15	12	9	9	4	0	0	0	5	5	5	5	0	1	0	0	0	0	0	0	1	3	4	5	6	18	20	19	20	23	10	12	10	10	10	12	19	0	19	19	4
Tupolev Tu 144D	0	0	0	0	0	0	0	0	0	0	0	0	0	0	0	0	0	0	1	2	2	3	3	3	3	3	3	3	3	3	3	3	3	3	3	3	3	4	2	2	5	5	5	5	5	5	5	3	2	3	3	3	3	3	3	3	1	1	0	2	2	3	2	2	0	0	0	0	0	0	0	0	0	0	0	0	0	0	0	0	0	0	1	1	1	1	0	0	0	0	0	0	1	3	7	14	13	14	0	21	19	25
Tupolev Tu 154	41	41	45	50	51	49	49	49	45	45	48	51	26	10	23	21	4	4	13	5	5	8	4	4	2	2	2	1	1	1	19	11	16	1	1	1	0	0	0	1	0	4	11	8	7	7	4	2	18	9	11	16	23	18	15	17	13	19	20	15	16	7	7	8	3	3	2	2	7	6	7	3	4	4	6	0	0	0	2	0	1	1	0	4	4	4	0	0	0	1	0	4	17	21	11	7	7	6	0	22	14	18
Tupolev Tu 204	27	27	25	19	17	19	21	24	27	10	9	10	29	16	26	21	23	25	28	26	23	23	28	28	30	30	30	33	32	33	36	33	34	15	15	22	25	20	20	16	14	14	14	16	16	26	44	53	66	68	63	69	93	83	87	42	82	92	91	101	104	98	86	77	73	34	21	8	8	10	9	9	11	12	15	0	0	0	10	0	14	21	16	18	19	20	14	16	20	14	12	16	18	21	23	18	18	22	0	27	36	49
Yakovlev Yak 40	0	0	0	0	0	0	0	0	0	0	0	0	0	0	0	0	0	0	0	0	0	0	0	0	0	0	0	0	0	0	0	0	0	0	0	0	37	21	24	18	13	8	3	7	8	35	53	50	19	7	8	8	11	10	11	19	20	12	6	6	6	6	4	2	2	2	17	2	5	10	10	10	12	10	14	0	0	0	47	0	25	27	22	39	22	25	29	37	42	40	40	30	48	46	51	45	28	61	0	26	25	25
Yakovlev Yak 42	0	0	0	0	0	0	0	0	0	0	0	0	0	0	0	0	0	0	0	0	0	0	0	0	0	0	0	0	0	0	0	0	0	0	0	2	5	5	8	14	10	14	16	21	10	11	10	10	10	15	15	15	15	11	9	15	12	12	3	3	2	2	5	14	40	13	15	20	16	18	24	25	32	37	38	0	0	0	61	0	50	50	59	57	59	57	65	67	71	62	72	77	75	75	79	80	85	81	0	81	80	79
